URL,Último rastreamento
https://siriuscrm.com.br/en/automated-sales,2026-06-27
https://siriuscrm.com.br/ajuda,2026-06-27
https://siriuscrm.com.br/en/tools/roi-calculator-representatives,2026-06-17
https://siriuscrm.com.br/en/help/pipeline-negocios/personalizar-etapas,2026-06-14
https://siriuscrm.com.br/en/help/pipeline-negocios/filtros-busca,2026-06-12
https://siriuscrm.com.br/features/anamnese-digital,2026-05-25
https://siriuscrm.com.br/en/help/integracoes/integracao-n8n,2026-05-16
https://siriuscrm.com.br/en/help/pipeline-negocios/deals-perdidos,2026-05-08
https://siriuscrm.com.br/en/help/[category]/deals-perdidos,2026-05-07
https://siriuscrm.com.br/en/help/pipeline-negocios/tags-custom-fields,2026-05-04
https://siriuscrm.com.br/en/help/[category]/permissoes-equipe,2026-04-23
https://siriuscrm.com.br/year,2026-04-22
https://siriuscrm.com.br/mo,2026-04-20
https://siriuscrm.com.br/en/help/[category]/troubleshooting,2026-04-20
https://siriuscrm.com.br/blog/follow-up-vendas-guia-completo,2026-04-19