Páginas principais,Cliques,Impressões,CTR,Posição
https://sirius.roilabs.com.br/,18,101,17.82%,2.85
https://sirius.roilabs.com.br/blog/planilha-controle-comissao-corretor,4,602,0.66%,6.24
https://sirius.roilabs.com.br/blog/melhor-crm-2026-comparativo,1,10231,0.01%,7.15
https://sirius.roilabs.com.br/solucoes/corretores-de-imoveis,1,156,0.64%,8.27
https://sirius.roilabs.com.br/blog/como-usar-google-maps-para-prospectar,1,117,0.85%,6.35
https://sirius.roilabs.com.br/solucoes/representantes-comerciais,1,115,0.87%,19.57
https://sirius.roilabs.com.br/register,1,33,3.03%,6.79
https://sirius.roilabs.com.br/help/contatos/importar-contatos-csv,1,27,3.7%,4.96
https://sirius.roilabs.com.br/about,1,25,4%,6.56
https://sirius.roilabs.com.br/blog/poder-do-follow-up,1,15,6.67%,4.93
https://sirius.roilabs.com.br/vendas-automaticas,1,7,14.29%,4.43
https://sirius.roilabs.com.br/blog/prospeccao-de-clientes-b2b,0,518,0%,4.36
https://sirius.roilabs.com.br/blog/kpis-de-vendas,0,431,0%,3.86
https://sirius.roilabs.com.br/blog/como-escolher-crm-b2b-2026,0,168,0%,6.29
https://sirius.roilabs.com.br/blog/tecnicas-de-fechamento-de-vendas,0,146,0%,11.8
https://sirius.roilabs.com.br/blog/crm-ia-inteligencia-artificial-2026,0,78,0%,8.53
https://sirius.roilabs.com.br/blog/sirius-vs-rd-station,0,72,0%,7.46
https://sirius.roilabs.com.br/blog/como-organizar-pipeline-vendas,0,67,0%,6.09
https://sirius.roilabs.com.br/blog/sales-intelligence-ia-vendas-2026,0,65,0%,5.31
https://sirius.roilabs.com.br/blog/como-superar-objecoes-em-vendas,0,57,0%,4.88
https://sirius.roilabs.com.br/solucoes/energia-solar,0,56,0%,8.54
https://sirius.roilabs.com.br/features,0,55,0%,5.42
https://sirius.roilabs.com.br/blog/sirius-vs-pipedrive,0,46,0%,7.09
https://sirius.roilabs.com.br/help/pipeline-negocios/entendendo-pipeline-kanban,0,41,0%,3.95
https://sirius.roilabs.com.br/blog/crm-automacao-vendas-guia-completo,0,37,0%,6.68
https://sirius.roilabs.com.br/blog/prospeccao-linkedin-vendedores-b2b,0,37,0%,7.03
https://sirius.roilabs.com.br/anuario,0,32,0%,6.69
https://sirius.roilabs.com.br/blog/bant-vs-meddic-qualificacao-leads,0,31,0%,5.19
https://sirius.roilabs.com.br/blog/crm-com-whatsapp-integrado,0,28,0%,5.11
https://sirius.roilabs.com.br/blog/scraping-etico-vs-compra-de-listas,0,22,0%,5.32
https://sirius.roilabs.com.br/blog/sandler-selling-system,0,21,0%,5.57
https://sirius.roilabs.com.br/solucoes/consultores-empresariais,0,21,0%,5.86
https://sirius.roilabs.com.br/pricing,0,19,0%,3.53
https://sirius.roilabs.com.br/blog/sirius-vs-hubspot,0,18,0%,8.22
https://sirius.roilabs.com.br/blog/custo-oculto-inacao-crm,0,15,0%,4.07
https://sirius.roilabs.com.br/blog/como-organizar-carteira-clientes-representante,0,15,0%,4.53
https://sirius.roilabs.com.br/blog,0,13,0%,6.54
https://sirius.roilabs.com.br/blog/representante-comercial-autonomo-ferramentas,0,11,0%,6.18
https://sirius.roilabs.com.br/login,0,10,0%,7.1
https://sirius.roilabs.com.br/solucoes/cidade/crm-para-empresas-no-rio-de-janeiro,0,9,0%,5.89
https://sirius.roilabs.com.br/blog/ia-para-qualificacao-de-leads,0,8,0%,4.88
https://sirius.roilabs.com.br/blog/crm-para-representante-comercial-2026,0,8,0%,7.5
https://sirius.roilabs.com.br/blog/automacao-email-para-vendedores,0,8,0%,9.38
https://sirius.roilabs.com.br/solucoes/agencias-de-marketing,0,8,0%,10.38
https://sirius.roilabs.com.br/blog/crm-simples-vs-complexo,0,7,0%,6.43
https://sirius.roilabs.com.br/blog/crm-offline-para-vendedores,0,7,0%,8.71
https://sirius.roilabs.com.br/help/integracoes/integracao-whatsapp,0,6,0%,1.5
https://sirius.roilabs.com.br/help,0,6,0%,4.67
https://sirius.roilabs.com.br/blog/funil-de-vendas-guia-completo,0,6,0%,6.5
https://sirius.roilabs.com.br/fundadores,0,6,0%,6.67
https://sirius.roilabs.com.br/blog/erros-crm-comuns,0,5,0%,5.4
https://sirius.roilabs.com.br/ferramentas/calculadora-roi,0,5,0%,6.6
https://sirius.roilabs.com.br/solucoes/cidade/crm-para-vendedores-em-porto-alegre,0,4,0%,4
https://sirius.roilabs.com.br/blog/alternativas-ao-pipedrive-brasil,0,4,0%,6.25
https://sirius.roilabs.com.br/blog/spin-selling-guia-completo,0,3,0%,6.33
https://sirius.roilabs.com.br/download,0,3,0%,6.67
https://sirius.roilabs.com.br/solucoes/cidade/crm-para-empresas-em-sao-paulo,0,3,0%,6.67
https://sirius.roilabs.com.br/ferramentas/calculadora-roi-energia-solar,0,3,0%,7.33
https://sirius.roilabs.com.br/help/analytics/exportar-dados,0,3,0%,7.33
https://sirius.roilabs.com.br/help/planos/gerenciar-assinatura,0,3,0%,14.33
https://sirius.roilabs.com.br/help/primeiros-passos/atalhos-teclado,0,2,0%,3
https://sirius.roilabs.com.br/solucoes/cidade/crm-para-empresas-em-belo-horizonte,0,2,0%,4.5
https://sirius.roilabs.com.br/solucoes/cidade/crm-para-empresas-em-brasilia,0,2,0%,6.5
https://sirius.roilabs.com.br/ferramentas/calculadora-roi-representantes,0,2,0%,8
https://sirius.roilabs.com.br/solucoes/cidade/crm-para-empresas-em-curitiba,0,2,0%,11.5
https://sirius.roilabs.com.br/help/analytics/forecasting-vendas,0,1,0%,1
https://sirius.roilabs.com.br/ferramentas,0,1,0%,3
https://sirius.roilabs.com.br/help/equipe/configurar-perfil,0,1,0%,5
https://sirius.roilabs.com.br/help/pipeline-negocios/tags-custom-fields,0,1,0%,6
https://sirius.roilabs.com.br/ferramentas/calculadora-roi-consultores,0,1,0%,7
https://sirius.roilabs.com.br/help/analytics/analytics-basico,0,1,0%,7
https://sirius.roilabs.com.br/ferramentas/calculadora-roi-agencias,0,1,0%,9