Top consultas,Cliques,Impressões,CTR,Posição
sirius crm,4,15,26.67%,3.13
crm para representante comercial,0,44,0%,30.73
crm representante comercial,0,40,0%,33.92
crm solar,0,37,0%,68.73
melhor crm para empresas no brasil 2025 2026,0,33,0%,4.7
melhor crm brasileiro 2025 2026,0,32,0%,2.41
crms brasileiros com automação e ia 2025 or 2026,0,17,0%,3.06
melhor crm com integração whatsapp 2025 2026,0,15,0%,8.07
como automatizar cálculo de comissão vendas excel google sheets,0,13,0%,9.54
custo software crm saúde brasil 2025 or 2026,0,9,0%,5.22
melhor crm para empresas em crescimento 2025 2026,0,8,0%,8.38
crm para energia solar,0,8,0%,52.88
sirius vendas,0,7,0%,5.14
melhor crm imobiliário brasil 2026,0,6,0%,9.17
melhor crm brasileiro,0,5,0%,65.2
sirius ia,0,4,0%,5
melhores crm para pequenas empresas preço 2026,0,4,0%,8.75
melhores crm para imobiliárias 2025 2026,0,4,0%,9.75
melhores crms para imobiliárias pequenas brasil 2026,0,3,0%,4
preço crm imobiliário brasil 2025 2026,0,3,0%,6
melhores crms brasileiros 2025 or 2026,0,3,0%,7.33
melhor crm com relatórios de vendas brasil 2026,0,3,0%,8.33
quais as melhores alternativas para planilhas de comissões?,0,3,0%,12
crm para consultorias,0,3,0%,59.67
crm imobiliário,0,2,0%,1
crm,0,2,0%,2.5
roilabs,0,2,0%,4.5
crm2026,0,2,0%,8
melhor crm suporte ao cliente em português brasil 2025 or 2026,0,2,0%,8
melhores crms para imobiliárias brasil 2026,0,2,0%,8.5
planilha para corretores de imoveis gratis,0,2,0%,16.5
sistema para representantes,0,2,0%,35
crm energia solar,0,2,0%,57.5
crm agencias de marketing,0,2,0%,79
crm app,0,1,0%,1
crm brasil,0,1,0%,1
crm ferramenta,0,1,0%,1
crm gratuito,0,1,0%,1
crm imobiliária,0,1,0%,1
crm para corretores de imóveis,0,1,0%,1
ferramentas de crm,0,1,0%,1
plataforma crm,0,1,0%,1
preço crm,0,1,0%,1
sistema de crm para vendas,0,1,0%,1
sistema para empresa de vendas,0,1,0%,1
"stack ideal de ferramentas pra operacao de vendas b2b com crm 
enriquecimento e abm",0,1,0%,4
regra 3-7-7-7 follow up vendas,0,1,0%,6
top crm 2026,0,1,0%,9
funcionalidades essenciais crm para e-commerce 2025 or 2026,0,1,0%,10
multiplica 2026,0,1,0%,38
melhores crm do brasil,0,1,0%,72
sistema para representante comercial,0,1,0%,96